{"cameraMode":{"drawMode":0,"name":"Shaded","section":"Shading Mode"},"sceneLighting":true,"audioPlay":false,"sceneViewState":{"showFog":true,"showMaterialUpdate":false,"showSkybox":false,"showFlares":true,"showImageEffects":true,"showParticleSystems":true},"in2DMode":false,"pivot":{"x":165.16018676757813,"y":2.9200000762939455,"z":51.249664306640628},"rotation":{"x":-0.024763358756899835,"y":-0.7502881288528442,"z":0.028149034827947618,"w":-0.6600470542907715},"size":250.33880615234376,"orthographic":false}