{"cameraMode":{"drawMode":0,"name":"Shaded","section":"Shading Mode"},"sceneLighting":false,"audioPlay":false,"sceneViewState":{"showFog":true,"showMaterialUpdate":false,"showSkybox":false,"showFlares":true,"showImageEffects":true,"showParticleSystems":true},"in2DMode":false,"pivot":{"x":142.17796325683595,"y":0.8289999961853027,"z":44.670066833496097},"rotation":{"x":-0.0808657705783844,"y":0.15072569251060487,"z":-0.012371629476547242,"w":-0.9851850271224976},"size":3.4452028274536135,"orthographic":true}