{"cameraMode":{"drawMode":0,"name":"Shaded","section":"Shading Mode"},"sceneLighting":false,"audioPlay":false,"sceneViewState":{"showFog":true,"showMaterialUpdate":false,"showSkybox":false,"showFlares":true,"showImageEffects":true,"showParticleSystems":true},"in2DMode":false,"pivot":{"x":164.5203857421875,"y":1.985002875328064,"z":48.28797149658203},"rotation":{"x":-0.052386682480573657,"y":0.5965708494186401,"z":-0.03907031565904617,"w":-0.7998952865600586},"size":3.5298290252685549,"orthographic":true}